프로그램 명,,,알람 관리,,,,,,,,
,,,,,,,,,,,
,,,,,,,,,,,
,,,,,,,,,,,
Function Id,FNT-ALM-001,,,,,,,,,,
Subject,알람 정보 등록,,,,,,,,,,
Description,알람 정보를 등록한다.,,,,,,,,,,
Type,POST,,,,,,,,,,
Url,/api/mcs-alarms,,,,,,,,,,
Request Body,,,,,,,,,,,
Parameter,Mandatory/Optional,Type,Description,,,,,,,,
code,M,string,"알람 코드 ( 자동 생성 )
ex) 260625-ALM-0001",,,,,,,,
errorFrom,O,string,에러 발생 위치 ( default : ETC ),,,,"errorFrom 공통코드
- WMS : 창고 관련 에러
- FAC : 설비 관련 에러
- MCS : MCS 서버 관련 에러
- ACS : ACS 서버 관련 에러
- ETC : 이외의 에러",,,,
errorCode,O,string,에러 코드 ( 에러코드 관리의 code ),,,,,,,,
target,O,string,알람 발생 대상 ( 설비 / AMR 코드 등 ),,,,,,,,
level,O,string,알람 레벨 ( default : warning ),,,,"level 공통코드
- info : 정보
- warning : 경고
- error : 에러",,,,
state,O,string,알람 상태,,,,"state 공통코드
- registered : 등록
- confirmed : 확인
- completed : 완료",,,,
data,O,json,알람 상세 데이터 ( JSON ),,,,,,,,
e.g.,"{
  ""code"": ""260625-ALM-0001"",
  ""errorFrom"": ""FAC"",
  ""errorCode"": ""E0001"",
  ""target"": ""260625-FAC-0001"",
  ""level"": ""error"",
  ""state"": ""registered"",
  ""data"": {
      ""message"": ""설비 통신 오류""
   }
 }",,,,,,,,,,
Response Body,,,,,,,,,,,
Parameter,Mandatory/Optional,Type,Description,,,,,,,,
code,M,string,코드,,,,,,,,
status,M,string,HTTP 상태 코드,,,,,,,,
message,M,string,메시지,,,,,,,,
data,M,string,Response 결과,,,,,,,,
e.g.,"{
  ""code"": ""SUCCESS"",
  ""status"": ""200"",
  ""message"": ""Inserted data successfully"",
  ""data"": {
      ""insertedId"": 1
   }
}",,,,,,,,,,
,,,,,,,,,,,
,,,,,,,,,,,
Function Id,FNT-ALM-002,,,,,,,,,,
Subject,알람 정보 목록 조회,,,,,,,,,,
Description,알람 정보 목록을 조회한다.,,,,,,,,,,
Type,GET,,,,,,,,,,
Url,/api/mcs-alarms,,,,,,,,,,
Request Body,,,,,,,,,,,
Parameter,Mandatory/Optional,Type,Description,,,,,,,,
ids,O,string,"알람 id in 검색 ( 콤마 구분 )
ex) 1,2,3",,,,,,,,
code,O,string,알람 코드 like 검색,,,,,,,,
errorCode,O,string,에러 코드 like 검색,,,,,,,,
state,O,string,알람 상태 in 검색,,,,,,,,
createdAtFrom,O,date,등록일 검색 시작일시,,,,,,,,
createdAtTo,O,date,등록일 검색 종료일시,,,,,,,,
limit,O,number,조회 건수,,,,,,,,
offset,O,number,조회 시작 위치,,,,,,,,
e.g.,"{
  ""code"": ""260625-ALM-0001"",
  ""errorCode"": ""E0001"",
  ""state"": ""registered"",
  ""createdAtFrom"": ""2026-06-25 00:00:00"",
  ""createdAtTo"": ""2026-06-25 23:59:59"",
  ""limit"": 10,
  ""offset"": 0
 }",,,,,,,,,,
Response Body,,,,,,,,,,,
Parameter,Mandatory/Optional,Type,Description,,,,,,,,
code,M,string,코드,,,,,,,,
status,M,string,HTTP 상태 코드,,,,,,,,
message,M,string,메시지,,,,,,,,
data,M,string,Response 결과,,,,,,,,
e.g.,"{
  ""code"": ""SUCCESS"",
  ""status"": ""200"",
  ""message"": ""Searched list successfully"",
  ""data"": {
      ""count"": 1,
      ""rows"": [
        {
          ""id"": 1,
          ""code"": ""260625-ALM-0001"",
          ""errorFrom"": ""FAC"",
          ""errorCode"": ""E0001"",
          ""target"": ""260625-FAC-0001"",
          ""level"": ""error"",
          ""state"": ""registered"",
          ""data"": {
              ""message"": ""설비 통신 오류""
           },
          ""createdAt"": ""2026-06-25T01:00:00.000Z"",
          ""updatedAt"": ""2026-06-25T01:00:00.000Z""
        }
      ]
   }
}",,,,,,,,,,
,,,,,,,,,,,
,,,,,,,,,,,
Function Id,FNT-ALM-003,,,,,,,,,,
Subject,알람 정보 조회 ( id ),,,,,,,,,,
Description,id 로 알람 정보를 조회한다.,,,,,,,,,,
Type,GET,,,,,,,,,,
Url,/api/mcs-alarms/id/:id,,,,,,,,,,
Request Body,,,,,,,,,,,
Parameter,Mandatory/Optional,Type,Description,,,,,,,,
id,M,number,알람 id,,,,,,,,
e.g.,{ },,,,,,,,,,
Response Body,,,,,,,,,,,
Parameter,Mandatory/Optional,Type,Description,,,,,,,,
code,M,string,코드,,,,,,,,
status,M,string,HTTP 상태 코드,,,,,,,,
message,M,string,메시지,,,,,,,,
data,M,string,Response 결과,,,,,,,,
e.g.,"{
  ""code"": ""SUCCESS"",
  ""status"": ""200"",
  ""message"": ""Selected data successfully"",
  ""data"": {
       ""id"": 1,
       ""code"": ""260625-ALM-0001"",
       ""errorFrom"": ""FAC"",
       ""errorCode"": ""E0001"",
       ""target"": ""260625-FAC-0001"",
       ""level"": ""error"",
       ""state"": ""registered"",
       ""data"": {
           ""message"": ""설비 통신 오류""
        }
   }
}",,,,,,,,,,
,,,,,,,,,,,
,,,,,,,,,,,
Function Id,FNT-ALM-004,,,,,,,,,,
Subject,알람 정보 조회 ( code ),,,,,,,,,,
Description,알람 코드로 알람 정보를 조회한다.,,,,,,,,,,
Type,GET,,,,,,,,,,
Url,/api/mcs-alarms/code/:code,,,,,,,,,,
Request Body,,,,,,,,,,,
Parameter,Mandatory/Optional,Type,Description,,,,,,,,
code,M,string,알람 코드,,,,,,,,
e.g.,{ },,,,,,,,,,
Response Body,,,,,,,,,,,
Parameter,Mandatory/Optional,Type,Description,,,,,,,,
code,M,string,코드,,,,,,,,
status,M,string,HTTP 상태 코드,,,,,,,,
message,M,string,메시지,,,,,,,,
data,M,string,Response 결과,,,,,,,,
e.g.,"{
  ""code"": ""SUCCESS"",
  ""status"": ""200"",
  ""message"": ""Selected data successfully"",
  ""data"": {
       ""id"": 1,
       ""code"": ""260625-ALM-0001"",
       ""errorFrom"": ""FAC"",
       ""errorCode"": ""E0001"",
       ""target"": ""260625-FAC-0001"",
       ""level"": ""error"",
       ""state"": ""registered"",
       ""data"": {
           ""message"": ""설비 통신 오류""
        }
   }
}",,,,,,,,,,
,,,,,,,,,,,
,,,,,,,,,,,
Function Id,FNT-ALM-005,,,,,,,,,,
Subject,알람 정보 수정,,,,,,,,,,
Description,알람 상태 및 상세 데이터를 수정한다.,,,,,,,,,,
Type,PUT,,,,,,,,,,
Url,/api/mcs-alarms/id/:id,,,,,,,,,,
Request Body,,,,,,,,,,,
Parameter,Mandatory/Optional,Type,Description,,,,,,,,
state,O,string,알람 상태,,,,"state 공통코드
- registered : 등록
- confirmed : 확인
- completed : 완료",,,,
data,O,json,알람 상세 데이터 ( JSON ),,,,,,,,
e.g.,"{
  ""state"": ""confirmed"",
  ""data"": {
      ""message"": ""설비 통신 오류"",
      ""confirmedBy"": ""admin""
   }
 }",,,,,,,,,,
Response Body,,,,,,,,,,,
Parameter,Mandatory/Optional,Type,Description,,,,,,,,
code,M,string,코드,,,,,,,,
status,M,string,HTTP 상태 코드,,,,,,,,
message,M,string,메시지,,,,,,,,
data,M,string,Response 결과,,,,,,,,
e.g.,"{
  ""code"": ""SUCCESS"",
  ""status"": ""200"",
  ""message"": ""Updated data successfully"",
  ""data"": {
      ""updatedCount"": 1
   }
}",,,,,,,,,,
,,,,,,,,,,,
,,,,,,,,,,,
Function Id,FNT-ALM-006,,,,,,,,,,
Subject,알람 정보 삭제,,,,,,,,,,
Description,알람 정보를 삭제한다.,,,,,,,,,,
Type,DELETE,,,,,,,,,,
Url,/api/mcs-alarms/id/:id,,,,,,,,,,
Request Body,,,,,,,,,,,
Parameter,Mandatory/Optional,Type,Description,,,,,,,,
id,M,number,알람 id,,,,,,,,
e.g.,{ },,,,,,,,,,
Response Body,,,,,,,,,,,
Parameter,Mandatory/Optional,Type,Description,,,,,,,,
code,M,string,코드,,,,,,,,
status,M,string,HTTP 상태 코드,,,,,,,,
message,M,string,메시지,,,,,,,,
data,M,string,Response 결과,,,,,,,,
e.g.,"{
  ""code"": ""SUCCESS"",
  ""status"": ""200"",
  ""message"": ""Deleted data successfully"",
  ""data"": {
      ""deletedCount"": 1
   }
}",,,,,,,,,,
